painting_title,subjects
A Walk In The Woods,BUSHES; DECIDUOUS; GRASS; RIVER; TREE; TREES
Mount Mckinley,CABIN; CLOUDS; CONIFER; MOUNTAIN; SNOW; SNOWY_MOUNTAIN; TREE; TREES; WINTER
Ebony Sunset,CABIN; CONIFER; FENCE; MOUNTAIN; MOUNTAINS; STRUCTURE; SUN; TREE; TREES; WINTER
Winter Mist,BUSHES; CLOUDS; CONIFER; LAKE; MOUNTAIN; SNOWY_MOUNTAIN; TREE; TREES
Quiet Stream,DECIDUOUS; RIVER; ROCKS; TREE; TREES
Winter Moon,CABIN; CONIFER; LAKE; MOON; MOUNTAIN; MOUNTAINS; NIGHT; SNOW; SNOWY_MOUNTAIN; STRUCTURE; TREE; TREES; WINTER
Autumn Mountains,DECIDUOUS; LAKE; MOUNTAIN; MOUNTAINS; SNOWY_MOUNTAIN; TREE; TREES
Peaceful Valley,BUSHES; CONIFER; LAKE; MOUNTAIN; MOUNTAINS; TREE; TREES
Seascape,BEACH; CLOUDS; FENCE; OCEAN
Mountain Lake,BUSHES; CONIFER; DECIDUOUS; LAKE; MOUNTAIN; TREE; TREES
Winter Glow,DECIDUOUS; LAKE; TREE; TREES
Snowfall,CIRRUS; CLOUDS; CONIFER; LAKE; MOUNTAIN; MOUNTAINS; SNOWY_MOUNTAIN; TREE; TREES
Final Reflections,BUSHES; CONIFER; DECIDUOUS; GRASS; MOUNTAIN; SNOWY_MOUNTAIN; TREE; TREES
Meadow Lake,BUSHES; CONIFER; CUMULUS; DECIDUOUS; GRASS; LAKE; MOUNTAIN; SNOWY_MOUNTAIN; TREE; TREES
Winter Sun,CONIFER; LAKE; SNOW; SUN; TREE; TREES
Ebony Sea,CLOUDS; CUMULUS; DECIDUOUS; OCEAN; SUN; TREE; TREES; WAVES
Shades Of Grey,BUSHES; CABIN; CLOUDS; CONIFER; CUMULUS; DECIDUOUS; LAKE; MOUNTAIN; MOUNTAINS; SNOW; SNOWY_MOUNTAIN; STRUCTURE; TREE; TREES
Autumn Splendor,BUSHES; DECIDUOUS; GRASS; LAKE; TREE; TREES
Black River,BUSHES; CLOUDS; CUMULUS; DECIDUOUS; GRASS; RIVER; TREE; TREES
Brown Mountain,CLOUDS; CONIFER; CUMULUS; GRASS; LAKE; MOUNTAIN; MOUNTAINS; TREE; TREES
Reflections,BUSHES; CIRRUS; CLOUDS; CONIFER; LAKE; MOUNTAIN; SNOWY_MOUNTAIN; TREE; TREES
Black & White Seascape,CIRRUS; CUMULUS; DECIDUOUS; OCEAN; ROCKS; SUN; TREE; TREES; WAVES
Lazy River,DECIDUOUS; GRASS; RIVER; TREE; TREES
Black Waterfall,BUSHES; CLOUDS; CONIFER; CUMULUS; DECIDUOUS; GRASS; RIVER; ROCKS; TREE; TREES; WATERFALL
Mountain Waterfall,DECIDUOUS; GRASS; LAKE; MOUNTAIN; MOUNTAINS; SNOWY_MOUNTAIN; TREE; TREES; WATERFALL
Final Grace,BUSHES; CLOUDS; CONIFER; CUMULUS; LAKE; MOUNTAIN; MOUNTAINS; SNOWY_MOUNTAIN; TREE; TREES
Mountain Retreat,BUSHES; CABIN; CONIFER; DECIDUOUS; LAKE; MOUNTAIN; MOUNTAINS; STRUCTURE; TREE; TREES
Blue Moon,CLOUDS; CUMULUS; MOON; NIGHT; OCEAN; PALM_TREES; TREE; TREES; WAVES
Bubbling Stream,DECIDUOUS; GRASS; RIVER; ROCKS; TREE; TREES
Winter Night,CABIN; CONIFER; SNOW; STRUCTURE; TREE; TREES; WINTER
Distant Hills,CIRRUS; CLOUDS; CONIFER; DECIDUOUS; HILLS; LAKE; MOUNTAIN; MOUNTAINS; TREE; TREES
Covered Bridge,BRIDGE; DECIDUOUS; PATH; STRUCTURE; TREE; TREES
Quiet Inlet,DECIDUOUS; LAKE; MOUNTAIN; MOUNTAINS; TREE; TREES
Night Light,CLIFF; CLOUDS; CUMULUS; LIGHTHOUSE; NIGHT; OCEAN; STRUCTURE; WAVES
The Old Mill,BUSHES; CABIN; CLOUDS; CUMULUS; DECIDUOUS; MILL; RIVER; STRUCTURE; TREE; TREES
Campfire,BUSHES; DECIDUOUS; FIRE; LAKE; PERSON; TREE; TREES
Rustic Barn,BARN; DECIDUOUS; FENCE; LAKE; STRUCTURE; TREE; TREES
Hidden Lake,BUSHES; CONIFER; DECIDUOUS; LAKE; MOUNTAIN; MOUNTAINS; TREE; TREES
Peaceful Waters,CLOUDS; CONIFER; CUMULUS; DECIDUOUS; GUEST; LAKE; MOUNTAIN; SNOWY_MOUNTAIN; STEVE_ROSS; TREE; TREES
Purple Splendor,CABIN; CONIFER; LAKE; SNOW; STRUCTURE; TREE; TREES; WINTER
Tranquil Valley,BUSHES; CLOUDS; CUMULUS; DECIDUOUS; GRASS; LAKE; MOUNTAIN; MOUNTAINS; TREE; TREES
Majestic Mountains,BUSHES; CONIFER; GRASS; MOUNTAIN; MOUNTAINS; SNOWY_MOUNTAIN; TREE; TREES
Winter Sawscape,CABIN; CIRCLE_FRAME; CLOUDS; CONIFER; CUMULUS; DECIDUOUS; FRAMED; GUEST; LAKE; SNOW; STRUCTURE; TREE; TREES; WINTER
Evening Seascape,BEACH; CLIFF; CLOUDS; CONIFER; CUMULUS; OCEAN; ROCKS; TREE; TREES; WAVES
Warm Summer Day,BUSHES; DECIDUOUS; LAKE; TREE; TREES
Cabin In The Woods,CABIN; DECIDUOUS; GRASS; PATH; STRUCTURE; TREE; TREES
Wetlands,CONIFER; DECIDUOUS; GRASS; LAKE; TREE; TREES
Cool Waters,BUSHES; CLOUDS; CONIFER; LAKE; MOUNTAIN; MOUNTAINS; SNOWY_MOUNTAIN; TREE; TREES
Quiet Woods,BUSHES; CONIFER; GRASS; RIVER; TREE; TREES
Northwest Majesty,CLOUDS; CONIFER; CUMULUS; DIANE_ANDRE; GUEST; MOUNTAIN; MOUNTAINS; SNOWY_MOUNTAIN; TREE; TREES
Autumn Days,DECIDUOUS; GRASS; HILLS; LAKE; TREE; TREES
Mountain Challenge,CONIFER; GRASS; LAKE; MOUNTAIN; SNOWY_MOUNTAIN; TREE
Mountain Waterfall,BUSHES; CLOUDS; CONIFER; CUMULUS; LAKE; MOUNTAIN; MOUNTAINS; SNOWY_MOUNTAIN; TREE; TREES; WATERFALL
Twilight Meadow,CLOUDS; CUMULUS; DECIDUOUS; GRASS; LAKE; TREE; TREES
Mountain Blossoms,CONIFER; FLOWERS; GUEST; MOUNTAIN; MOUNTAINS; SNOW; SNOWY_MOUNTAIN; TREE; TREES
Winter Stillness,CONIFER; DECIDUOUS; LAKE; SNOW; TREE; TREES; WINTER
Quiet Pond,DECIDUOUS; GRASS; LAKE; TREE; TREES
Ocean Sunrise,CLOUDS; GRASS; GUEST; OCEAN; SUN
Bubbling Brook,DECIDUOUS; GRASS; RIVER; ROCKS; TREE; TREES
Arizona Splendor,DECIDUOUS; GRASS; MOUNTAIN; MOUNTAINS; RIVER; TREE; TREES
Anatomy Of A Wave,GUEST; OCEAN; WAVES
The Windmill,BARN; CLOUDS; DECIDUOUS; PATH; STRUCTURE; TREE; WINDMILL
Autumn Glory,BUSHES; CLOUDS; CUMULUS; DECIDUOUS; GRASS; LAKE; MOUNTAIN; ROCKS; SNOWY_MOUNTAIN; TREE; TREES
Indian Girl,GUEST; PORTRAIT
Meadow Stream,BARN; CLOUDS; DECIDUOUS; GRASS; RIVER; ROCKS; STRUCTURE; TREE; TREES
Blue River,BUSHES; CONIFER; DECIDUOUS; GRASS; HILLS; RIVER; TREE; TREES
Nature'S Edge,BUSHES; CABIN; CLOUDS; DECIDUOUS; FOG; GRASS; LAKE; STRUCTURE; TREE; TREES
Morning Mist,CLOUDS; CONIFER; FOG; LAKE; MOUNTAIN; SNOWY_MOUNTAIN; TREE; TREES
Whispering Stream,DECIDUOUS; GRASS; RIVER; ROCKS; TREE; TREES
Secluded Forest,BUSHES; DECIDUOUS; RIVER; TREE; TREES
Snow Trail,CLOUDS; CONIFER; CUMULUS; GRASS; SNOW; TREE; TREES
Arctic Beauty,CIRRUS; CLOUDS; CONIFER; GRASS; MOUNTAIN; MOUNTAINS; RIVER; SNOWY_MOUNTAIN; TREE; TREES; WATERFALL
Horizons West,BUSHES; CONIFER; LAKE; MOUNTAIN; SNOWY_MOUNTAIN; TREE; TREES
High Chateau,BUSHES; CABIN; CLOUDS; CONIFER; CUMULUS; GRASS; ROCKS; TREE; TREES
Country Life,BARN; CIRRUS; CLOUDS; FENCE; GRASS
Western Expanse,CIRRUS; CLOUDS; DECIDUOUS; MOUNTAIN; MOUNTAINS; RIVER; TREE
Marshlands,BUSHES; CLOUDS; DECIDUOUS; LAKE; TREE; TREES
Blaze Of Color,CLOUDS; CONIFER; DECIDUOUS; GRASS; HILLS; RIVER; TREE; TREES
Winter Cabin,CABIN; CLOUDS; DECIDUOUS; SNOW; STRUCTURE; TREE; WINTER
Secluded Lake,CLOUDS; DECIDUOUS; GRASS; LAKE; ROCKS; TREE; TREES
Evergreens At Sunset,CIRRUS; CLOUDS; CONIFER; DECIDUOUS; RIVER; SUN; TREE; TREES
Mountain Cabin,CABIN; CLOUDS; CONIFER; CUMULUS; DECIDUOUS; MOUNTAIN; MOUNTAINS; RIVER; SNOWY_MOUNTAIN; STRUCTURE; TREE; TREES
Portrait Of Sally,GUEST; PORTRAIT
Misty Waterfall,BUSHES; CLOUDS; CUMULUS; DECIDUOUS; LAKE; RIVER; TREE; TREES; WATERFALL
Barn At Sunset,BARN; CLOUDS; CUMULUS; DECIDUOUS; PATH; SNOW; STRUCTURE; TREE; TREES
Mountain Splendor,BUSHES; DECIDUOUS; MOUNTAIN; RIVER; SNOWY_MOUNTAIN; TREE; TREES
Lake By Mountain,BUSHES; CLOUDS; CUMULUS; DECIDUOUS; GUEST; LAKE; MOUNTAIN; SNOWY_MOUNTAIN; STEVE_ROSS; TREE; TREES
Mountain Glory,CLOUDS; CONIFER; GRASS; MOUNTAIN; MOUNTAINS; SNOWY_MOUNTAIN; TREE; TREES
Grey Winter,BUSHES; CLOUDS; LAKE; SNOW; TREE; TREES; WINTER
Dock Scene,BOAT; CLOUDS; CUMULUS; DECIDUOUS; DOCK; LAKE; STRUCTURE; TREE
Dark Waterfall,BUSHES; DECIDUOUS; RIVER; TREE; TREES; WATERFALL
Misty Rolling Hills,CONIFER; FOG; GRASS; MOUNTAIN; MOUNTAINS; TREE; TREES
Lakeside Cabin,BUSHES; CABIN; CIRCLE_FRAME; CLOUDS; DECIDUOUS; FRAMED; GRASS; LAKE; STRUCTURE; TREE; TREES
Warm Winter Day,CABIN; DECIDUOUS; GRASS; SNOW; STRUCTURE; SUN; TREE; TREES; WINTER
Waterside Way,BUSHES; DECIDUOUS; GRASS; LAKE; PATH; ROCKS; TREE; TREES
Hunter'S Haven,CABIN; CIRRUS; CLOUDS; CONIFER; DECIDUOUS; PATH; RIVER; ROCKS; STRUCTURE; TREE; TREES
Bubbling Mountain Brook,BUSHES; CLOUDS; CONIFER; GRASS; MOUNTAIN; MOUNTAINS; RIVER; TREE; TREES
Winter Hideaway,CABIN; CONIFER; DECIDUOUS; FENCE; SNOW; STRUCTURE; TREE; TREES; WINTER
Foot Of The Mountain,CONIFER; DECIDUOUS; GRASS; MOUNTAIN; MOUNTAINS; RIVER; SNOWY_MOUNTAIN; TREE; TREES
Majestic Pine,BUSHES; CLOUDS; CONIFER; FRAMED; RECTANGULAR_FRAME; TREE; TREES
Cactus At Sunset,CACTUS; CLOUDS; PATH; ROCKS
Mountain Range,CLOUDS; CONIFER; CUMULUS; DECIDUOUS; GUEST; LAKE; MOUNTAIN; MOUNTAINS; SNOWY_MOUNTAIN; STEVE_ROSS; TREE; TREES
Lonely Retreat,CABIN; CLOUDS; CONIFER; SNOW; STRUCTURE; TREE; WINTER
Northern Lights,AURORA_BOREALIS; CABIN; CONIFER; DECIDUOUS; LAKE; MOUNTAIN; NIGHT; SNOW; SNOWY_MOUNTAIN; STRUCTURE; TREE; TREES; WINTER
Winter Evergreens,CIRRUS; CLOUDS; CONIFER; MOUNTAIN; MOUNTAINS; SNOW; SNOWY_MOUNTAIN; SUN; TREE; TREES; WINTER
Surf'S Up,BEACH; CLIFF; CLOUDS; CUMULUS; OCEAN; ROCKS; WAVES
Red Sunset,BUSHES; CLOUDS; CONIFER; LAKE; TREE; TREES
Meadow Road,BUSHES; CLOUDS; CONIFER; CUMULUS; DECIDUOUS; GRASS; MOUNTAIN; MOUNTAINS; PATH; SNOWY_MOUNTAIN; TREE; TREES
Winter Oval,BUSHES; CABIN; CONIFER; FOG; FRAMED; MOUNTAIN; OVAL_FRAME; RIVER; SNOWY_MOUNTAIN; STRUCTURE; TREE; TREES
Secluded Beach,BEACH; CLOUDS; CUMULUS; OCEAN; ROCKS; WAVES
Forest Hills,BUSHES; CONIFER; DECIDUOUS; MOUNTAIN; MOUNTAINS; RIVER; ROCKS; SNOWY_MOUNTAIN; TREE; TREES
Little House By-The-Road,CABIN; DECIDUOUS; FENCE; MOUNTAIN; PATH; STRUCTURE; TREE; TREES
Mountain Path,BUSHES; CLOUDS; MOUNTAIN; RIVER; SNOWY_MOUNTAIN; TREE; TREES
Country Charm,
Nature'S Paradise,BUSHES; CLOUDS; CUMULUS; DECIDUOUS; GRASS; MOUNTAIN; MOUNTAINS; RIVER; TREE; TREES
Mountain-By-The-Sea,BEACH; BUSHES; CLOUDS; CUMULUS; DECIDUOUS; MOUNTAIN; OCEAN; SNOWY_MOUNTAIN; TREE; WAVES
Mountain Hide-Away,CIRRUS; CLOUDS; CONIFER; DECIDUOUS; GRASS; MOUNTAIN; MOUNTAINS; RIVER; SNOWY_MOUNTAIN; TREE; TREES
Towering Peaks,BUSHES; CLOUDS; CONIFER; CUMULUS; DECIDUOUS; HILLS; LAKE; MOUNTAIN; SNOWY_MOUNTAIN; TREE; TREES
Cabin At Sunset,CABIN; CLOUDS; CONIFER; FENCE; GRASS; STRUCTURE; TREE; TREES
Twin Falls,CLOUDS; CONIFER; DECIDUOUS; GRASS; HILLS; RIVER; ROCKS; TREE; TREES; WATERFALL
Secluded Bridge,BRIDGE; DECIDUOUS; RIVER; ROCKS; STRUCTURE; TREE; TREES
Ocean Breeze,CLOUDS; CUMULUS; OCEAN; ROCKS; WAVES
Autumn Woods,BUSHES; CLOUDS; CONIFER; CUMULUS; DECIDUOUS; LAKE; MOUNTAIN; MOUNTAINS; SNOWY_MOUNTAIN; TREE; TREES
Winter Solitude,BUSHES; DECIDUOUS; SNOW; TREE; TREES; WINTER
Golden Sunset,DECIDUOUS; LAKE; SNOW; SUN; TREE; TREES
Mountain Oval,BUSHES; CIRRUS; CLOUDS; CONIFER; DECIDUOUS; FRAMED; GUEST; LAKE; MOUNTAIN; MOUNTAINS; OVAL_FRAME; SNOWY_MOUNTAIN; STEVE_ROSS; TREE; TREES
Ocean Sunset,BEACH; CLOUDS; OCEAN; ROCKS; WAVES
Triple View,CABIN; CONIFER; DECIDUOUS; FRAMED; GRASS; MOUNTAIN; MOUNTAINS; PATH; SNOWY_MOUNTAIN; STRUCTURE; TREE; TREES; TRIPLE_FRAME
Winter Frost,CLOUDS; CONIFER; DECIDUOUS; MOUNTAIN; MOUNTAINS; SNOW; SNOWY_MOUNTAIN; SUN; TREE; TREES; WINTER
Lakeside Cabin,CABIN; CLOUDS; CUMULUS; DECIDUOUS; GRASS; LAKE; PATH; ROCKS; STRUCTURE; TREE; TREES
Mountain Stream,CONIFER; GRASS; MOUNTAIN; RIVER; SNOWY_MOUNTAIN; TREE; TREES
Country Cabin,BUSHES; CABIN; CLOUDS; CONIFER; DECIDUOUS; SNOW; STRUCTURE; TREE; TREES; WINTER
Daisy Delight,CONIFER; FENCE; FLOWERS; TREE; TREES
Hidden Stream,BUSHES; CLOUDS; DECIDUOUS; RIVER; TREE; TREES; WATERFALL
Towering Glacier,CLOUDS; CONIFER; CUMULUS; GRASS; MOUNTAIN; RIVER; ROCKS; SNOWY_MOUNTAIN; TREE; TREES; WATERFALL
Oval Barn,BARN; BUSHES; CLOUDS; CUMULUS; DECIDUOUS; FRAMED; OVAL_FRAME; SNOW; STRUCTURE; TREE; TREES; WINTER
Lakeside Path,BUSHES; CLOUDS; CONIFER; CUMULUS; DECIDUOUS; GRASS; LAKE; PATH; ROCKS; TREE; TREES
Sunset Oval,BUSHES; CLOUDS; CONIFER; CUMULUS; DECIDUOUS; FRAMED; LAKE; MOUNTAIN; OVAL_FRAME; SNOWY_MOUNTAIN; TREE; TREES
Winter Barn,BARN; CIRRUS; CLOUDS; DECIDUOUS; SNOW; STRUCTURE; TREE; TREES; WINTER
Sunset Over The Waves,BEACH; CLOUDS; OCEAN; ROCKS; SUN; WAVES
Golden Glow,CLOUDS; CONIFER; LAKE; SNOW; TREE; TREES; WATERFALL
Roadside Barn,BARN; CLOUDS; CUMULUS; DECIDUOUS; FENCE; LAKE; PATH; STRUCTURE; TREE; TREES
Happy Accident,BUSHES; DECIDUOUS; GRASS; RIVER; ROCKS; TREE; TREES
Golden Knoll,CABIN; DECIDUOUS; FOG; GRASS; STRUCTURE; SUN; TREE
Mountain Reflections,BUSHES; CLOUDS; CONIFER; CUMULUS; MOUNTAIN; MOUNTAINS; RIVER; ROCKS; SNOWY_MOUNTAIN; TREE; TREES
Secluded Mountain,CLOUDS; CONIFER; CUMULUS; DECIDUOUS; GRASS; LAKE; MOUNTAIN; ROCKS; TREE; TREES
Bright Autumn Trees,BUSHES; DECIDUOUS; PATH; RIVER; TREE; TREES
Black Seascape,BEACH; CLOUDS; CUMULUS; NIGHT; OCEAN; ROCKS; WAVES
Steep Mountains,BUSHES; CABIN; CIRRUS; CLOUDS; CONIFER; DECIDUOUS; GRASS; LAKE; MOUNTAIN; MOUNTAINS; STRUCTURE; TREE; TREES
Quiet Mountain River,BUSHES; CLOUDS; CONIFER; CUMULUS; DECIDUOUS; GRASS; MOUNTAIN; RIVER; SNOWY_MOUNTAIN; TREE; TREES
Evening Waterfall,CONIFER; GRASS; RIVER; TREE; TREES; WATERFALL
Tropical Seascape,BEACH; CIRRUS; CLOUDS; OCEAN; PALM_TREES; WAVES
Mountain At Sunset,BUSHES; CLOUDS; CONIFER; DECIDUOUS; GRASS; MOUNTAIN; RIVER; SNOWY_MOUNTAIN; TREE; TREES
Soft Mountain Glow,BUSHES; CONIFER; GRASS; MOUNTAIN; RIVER; SNOWY_MOUNTAIN; TREE; TREES
Mountain In An Oval,BUSHES; CLOUDS; CONIFER; CUMULUS; DECIDUOUS; FRAMED; GRASS; MOUNTAIN; MOUNTAINS; OVAL_FRAME; RIVER; SUN; TREE; TREES
Winter Mountain,CONIFER; MOUNTAIN; MOUNTAINS; RIVER; SNOW; SNOWY_MOUNTAIN; TREE; TREES; WINTER
Rolling Hills,BUSHES; DECIDUOUS; GRASS; HILLS; LAKE; TREE; TREES
Frozen Solitude,BUSHES; CABIN; CLOUDS; CONIFER; LAKE; MOUNTAIN; MOUNTAINS; SNOW; SNOWY_MOUNTAIN; STRUCTURE; TREE; TREES; WINTER
Meadow Brook,CIRRUS; CLOUDS; DECIDUOUS; FRAMED; GRASS; MOUNTAIN; OVAL_FRAME; RIVER; TREE; TREES
Evening At Sunset,BUSHES; CABIN; CIRRUS; CLOUDS; CONIFER; DECIDUOUS; RIVER; ROCKS; STRUCTURE; TREE; TREES
Mountain View,CLOUDS; DECIDUOUS; GRASS; MOUNTAIN; MOUNTAINS; RIVER; ROCKS; TREE; TREES
Hidden Creek,DECIDUOUS; GRASS; RIVER; TREE; TREES
Peaceful Haven,CLOUDS; CONIFER; CUMULUS; PATH; RIVER; TREE; TREES
Mountain Exhibition,CLOUDS; CONIFER; CUMULUS; GRASS; MOUNTAIN; MOUNTAINS; RIVER; SNOWY_MOUNTAIN; TREE; TREES
Emerald Waters,BUSHES; DECIDUOUS; LAKE; TREE; TREES
Mountain Summit,BUSHES; CLOUDS; CONIFER; CUMULUS; DECIDUOUS; MOUNTAIN; RIVER; SNOWY_MOUNTAIN; TREE; TREES
Cabin Hideaway,CABIN; CONIFER; DECIDUOUS; LAKE; MOUNTAIN; MOUNTAINS; SNOW; STRUCTURE; TREE; TREES; WINTER
Oval Essence,CLOUDS; CONIFER; FRAMED; NIGHT; OCEAN; OVAL_FRAME; ROCKS; TREE; TREES; WAVES
Lost Lake,CONIFER; GRASS; LAKE; MOUNTAIN; MOUNTAINS; PATH; SNOWY_MOUNTAIN; TREE; TREES
Distant Mountains,BUSHES; CLOUDS; CONIFER; CUMULUS; LAKE; MOUNTAIN; MOUNTAINS; PATH; SNOWY_MOUNTAIN; TREE; TREES
Meadow Brook Surprise,CONIFER; GRASS; RIVER; TREE; TREES
Mountain Moonlight Oval,CONIFER; DECIDUOUS; FRAMED; GRASS; MOUNTAIN; MOUNTAINS; NIGHT; OVAL_FRAME; TREE; TREES
Snowy Solitude,CIRRUS; CLOUDS; DECIDUOUS; FENCE; SNOW; TREE; TREES; WINTER
Mountain River,BUSHES; CLOUDS; CONIFER; CUMULUS; FOG; FRAMED; MOUNTAIN; MOUNTAINS; RIVER; ROCKS; TOMB_FRAME; TREE; TREES
Graceful Mountains,CIRRUS; CLOUDS; CONIFER; DECIDUOUS; MOUNTAIN; MOUNTAINS; RIVER; SNOWY_MOUNTAIN; TREE; TREES
Windy Waves,BEACH; CLOUDS; CUMULUS; GRASS; OCEAN; PALM_TREES; WAVES
On A Clear Day,CONIFER; MOUNTAIN; RIVER; SNOW; SNOWY_MOUNTAIN; SUN; TREE; TREES; WINTER
Riverside Escape Oval,CLOUDS; CUMULUS; DECIDUOUS; FRAMED; OVAL_FRAME; PATH; RIVER; TREE; TREES
Surprising Falls,CIRRUS; CLOUDS; DECIDUOUS; GUEST; LAKE; MOUNTAIN; MOUNTAINS; SNOWY_MOUNTAIN; STEVE_ROSS; TREE; WATERFALL
Shadow Pond,DECIDUOUS; GRASS; LAKE; TREE; TREES
Misty Forest Oval,CLOUDS; DECIDUOUS; FOG; FRAMED; GRASS; OVAL_FRAME; TREE; TREES
Natural Wonder,CLOUDS; CONIFER; CUMULUS; DECIDUOUS; GRASS; LAKE; MOUNTAIN; SNOWY_MOUNTAIN; TREE; TREES
Splendor Of Winter,BUSHES; CIRRUS; CLOUDS; CONIFER; DECIDUOUS; SNOW; SUN; TREE; TREES; WINTER
Colors Of Nature,CLOUDS; CUMULUS; DECIDUOUS; GRASS; RIVER; TREE; TREES
Grandpa'S Barn,BARN; DECIDUOUS; FENCE; GRASS; PATH; STRUCTURE; TREE; TREES
Peaceful Reflections,
Hidden Winter Moon Oval,CABIN; CIRRUS; CLOUDS; CONIFER; FRAMED; LAKE; MOUNTAIN; MOUNTAINS; OVAL_FRAME; SNOWY_MOUNTAIN; STRUCTURE; TREE; TREES; WINTER
Waves Of Wonder,BEACH; CLOUDS; CUMULUS; OCEAN; ROCKS; WAVES
Cabin By The Pond,CABIN; CLOUDS; CONIFER; DECIDUOUS; GRASS; LAKE; STRUCTURE; TREE; TREES
Fall Stream,CLOUDS; CUMULUS; DECIDUOUS; GRASS; MOUNTAIN; MOUNTAINS; RIVER; ROCKS; TREE; TREES
Christmas Eve Snow,CABIN; CLOUDS; CONIFER; CUMULUS; MOUNTAIN; MOUNTAINS; SNOW; SNOWY_MOUNTAIN; STRUCTURE; TREE; TREES; WINTER
Forest Dawn Oval,BUSHES; DECIDUOUS; FRAMED; GRASS; OVAL_FRAME; PATH; TREE; TREES
Pathway To Autumn,CABIN; DECIDUOUS; GRASS; PATH; STRUCTURE; TREE; TREES
Deep Forest Lake,DECIDUOUS; LAKE; ROCKS; TREE; TREES
Peaks Of Majesty,CIRRUS; CLOUDS; CONIFER; GRASS; LAKE; MOUNTAIN; MOUNTAINS; TREE; TREES
Two Seasons,CLOUDS; CONIFER; CUMULUS; DECIDUOUS; FOG; LAKE; MOUNTAIN; SNOWY_MOUNTAIN; TREE; TREES
Nestled Cabin,CABIN; DECIDUOUS; GRASS; PATH; STRUCTURE; TREE; TREES
Wintertime Discovery,CABIN; CLOUDS; CONIFER; DECIDUOUS; SNOW; STRUCTURE; TREE; TREES; WINTER
Mountain Mirage,BUSHES; CLOUDS; CONIFER; CUMULUS; FOG; SNOW; TREE; TREES; WINTER
Double Oval Fantasy,BUSHES; CLOUDS; CONIFER; CUMULUS; DOUBLE_OVAL_FRAME; FRAMED; LAKE; MOUNTAIN; MOUNTAINS; SNOWY_MOUNTAIN; TREE; TREES
Contemplative Lady,GUEST; PORTRAIT
Deep Woods,CONIFER; RIVER; ROCKS; TREE; TREES; WATERFALL
High Tide,BEACH; CLOUDS; OCEAN; PALM_TREES; WAVES
Barn In Snow Oval,BARN; CONIFER; FENCE; FRAMED; OVAL_FRAME; SNOW; STRUCTURE; TREE; TREES; WINTER
That Time Of Year,CLOUDS; DECIDUOUS; GUEST; HILLS; LAKE; STEVE_ROSS; TREE; TREES
Waterfall Wonder,BUSHES; DECIDUOUS; RIVER; ROCKS; TREE; TREES; WATERFALL
Mighty Mountain Lake,CLOUDS; CUMULUS; FLOWERS; GRASS; LAKE; MOUNTAIN; SNOWY_MOUNTAIN
Wooded Stream Oval,DECIDUOUS; FRAMED; OVAL_FRAME; RIVER; ROCKS; TREE; TREES
Golden Mist Oval,CONIFER; FOG; FRAMED; OVAL_FRAME; RIVER; TREE; TREES
The Old Home Place,CABIN; DECIDUOUS; FENCE; GRASS; PATH; STRUCTURE; TREE
Soothing Vista,DECIDUOUS; GRASS; LAKE; MOUNTAIN; MOUNTAINS; TREE; TREES
Stormy Seas,BEACH; CLOUDS; CUMULUS; OCEAN; ROCKS; SUN; WAVES
Country Time,CABIN; DECIDUOUS; FLOWERS; FRAMED; LAKE; OVAL_FRAME; STRUCTURE; TREE
A Mild Winter'S Day,CLOUDS; CONIFER; DECIDUOUS; RIVER; SNOW; TREE; TREES; WINTER
Spectacular Waterfall,CONIFER; MOUNTAIN; MOUNTAINS; RIVER; ROCKS; TREE; TREES; WATERFALL
View From The Park,APPLE_FRAME; BRIDGE; BUILDING; DECIDUOUS; FRAMED; LAKE; STRUCTURE; TREE; TREES
Lake View,CONIFER; DECIDUOUS; FLOWERS; GRASS; GUEST; HILLS; LAKE; STEVE_ROSS; TREE; TREES
Old Country Mill,DECIDUOUS; MILL; RIVER; ROCKS; STRUCTURE; TREE; WATERFALL
Morning Walk,DECIDUOUS; FOG; PATH; TREE; TREES
Nature'S Splendor,CONIFER; GRASS; MOUNTAIN; RIVER; SNOWY_MOUNTAIN; TREE; TREES
Mountain Beauty,CUMULUS; FLOWERS; GRASS; GUEST; HILLS; LAKE; MOUNTAIN; SNOWY_MOUNTAIN; TREE; TREES
Half-Oval Vignette,BUSHES; CLOUDS; CONIFER; CUMULUS; FRAMED; HALF_OVAL_FRAME; LAKE; MOUNTAIN; MOUNTAINS; TREE; TREES
Absolutely Autumn,BUSHES; CLOUDS; CUMULUS; DECIDUOUS; GRASS; RIVER; TREE; TREES
Mountain Seclusion,CABIN; CLOUDS; CONIFER; MOUNTAIN; MOUNTAINS; RIVER; SNOW; STRUCTURE; TREE; TREES; WINTER
Crimson Oval,DECIDUOUS; GRASS; RIVER; TREE; TREES; WATERFALL
Autumn Exhibition,DECIDUOUS; GRASS; LAKE; TREE; TREES
Majestic Peaks,BUSHES; CONIFER; LAKE; MOUNTAIN; MOUNTAINS; SNOWY_MOUNTAIN; TREE; TREES
Golden Morning Mist,DECIDUOUS; FOG; GRASS; RIVER; TREE; TREES
Winter Lace,CLOUDS; CUMULUS; DECIDUOUS; FRAMED; HALF_CIRCLE_FRAME; LAKE; SNOW; TREE; TREES; WINTER
Seascape Fantasy,BEACH; CIRRUS; CLOUDS; OCEAN; WAVES
Double Oval Stream,BUSHES; DECIDUOUS; FRAMED; RIVER; TREE; TREES
Enchanted Forest,DECIDUOUS; PATH; TREE; TREES
Southwest Serenity,CACTUS; CIRRUS; CLOUDS; MOUNTAIN; MOUNTAINS; PATH
Rippling Waters,DECIDUOUS; RIVER; ROCKS; SUN; TREE; TREES; WATERFALL
Snowfall Magic,DECIDUOUS; RIVER; SNOW; TREE; TREES; WINTER
Quiet Mountain Lake,CLOUDS; CUMULUS; DECIDUOUS; GRASS; LAKE; MOUNTAIN; TREE; TREES
Final Embers Of Sunlight,DECIDUOUS; FRAMED; OVAL_FRAME; RIVER; SUN; TREE; TREES
Snowy Morn,CABIN; CONIFER; SNOW; STRUCTURE; TREE; TREES; WINTER
Camper'S Haven,BUSHES; CONIFER; GRASS; LAKE; MOUNTAIN; MOUNTAINS; TREE; TREES
Waterfall In The Woods,DECIDUOUS; GRASS; RIVER; ROCKS; TREE; TREES; WATERFALL
Covered Bridge Oval,BRIDGE; CONIFER; FENCE; FRAMED; OVAL_FRAME; RIVER; SNOW; STRUCTURE; TREE; TREES; WINTER
Scenic Seclusion,BUSHES; CONIFER; DECIDUOUS; GRASS; MOUNTAIN; RIVER; TREE; TREES; WATERFALL
Ebb Tide,BEACH; CLOUDS; CUMULUS; OCEAN; ROCKS; SUN; WAVES
After The Rain,DECIDUOUS; PATH; TREE; TREES
Winter'S Elegance,CLOUDS; CUMULUS; DECIDUOUS; LAKE; ROCKS; SNOW; TREE; TREES; WINTER
Evening'S Peace,BARN; CONIFER; DECIDUOUS; FENCE; MOON; NIGHT; SNOW; STRUCTURE; TREE; TREES; WINTER
Valley Of Tranquility,BUSHES; CLOUDS; CONIFER; CUMULUS; GRASS; MOUNTAIN; MOUNTAINS; RIVER; SNOWY_MOUNTAIN; TREE; TREES; WATERFALL
Mystic Mountain,CLOUDS; CONIFER; CUMULUS; DECIDUOUS; LAKE; MOUNTAIN; SNOWY_MOUNTAIN; TREE; TREES
New Day'S Dawn,BARN; CONIFER; FENCE; GRASS; PATH; STRUCTURE; SUN; TREE; TREES
Pastel Winter,CONIFER; DECIDUOUS; MOUNTAIN; MOUNTAINS; SNOW; SNOWY_MOUNTAIN; TREE; TREES; WINTER
Hazy Day,DECIDUOUS; FOG; FRAMED; OVAL_FRAME; RIVER; ROCKS; TREE; TREES
Divine Elegance,CLOUDS; CONIFER; CUMULUS; LAKE; MOUNTAIN; MOUNTAINS; ROCKS; SNOWY_MOUNTAIN; TREE; TREES
Cliffside,BEACH; CLIFF; CLOUDS; OCEAN; ROCKS; WAVES
Autumn Fantasy,CIRRUS; CLOUDS; CONIFER; MOUNTAIN; MOUNTAINS; RIVER; SNOWY_MOUNTAIN; TREE; TREES
The Old Oak Tree,DECIDUOUS; GRASS; RIVER; TREE
Winter'S Paradise,CLOUDS; CONIFER; CUMULUS; MOUNTAIN; RIVER; SNOW; SNOWY_MOUNTAIN; TREE; TREES; WINTER
Days Gone By,BRIDGE; BUSHES; CABIN; CONIFER; DECIDUOUS; PATH; STRUCTURE; TREE; TREES
Change Of Seasons,DECIDUOUS; MOUNTAIN; MOUNTAINS; RIVER; SNOWY_MOUNTAIN; TREE; TREES
Hidden Delight,CABIN; CONIFER; DECIDUOUS; PATH; RIVER; SUN; TREE; TREES
Double Take,BUSHES; CONIFER; FOG; LAKE; MOUNTAIN; MOUNTAINS; SNOW; SNOWY_MOUNTAIN; TREE; TREES; WINTER
Valley View,CONIFER; LAKE; MOUNTAIN; MOUNTAINS; SNOWY_MOUNTAIN; TREE; TREES
Tranquil Dawn,CONIFER; DECIDUOUS; FOG; RIVER; SUN; TREE; TREES
Royal Majesty,CLOUDS; CONIFER; MOUNTAIN; MOUNTAINS; RIVER; ROCKS; SNOWY_MOUNTAIN; TREE; TREES; WATERFALL
Serenity,DECIDUOUS; FLOWERS; RIVER; TREE; TREES; WATERFALL
Cabin At Trail'S End,CABIN; DECIDUOUS; FRAMED; OVAL_FRAME; PATH; STRUCTURE; TREE; TREES
Mountain Rhapsody,CONIFER; LAKE; MOUNTAIN; SNOW; SNOWY_MOUNTAIN; TREE; TREES; WINTER
Wilderness Cabin,CABIN; CONIFER; LAKE; ROCKS; STRUCTURE; TREE; TREES
By The Sea,BEACH; CLIFF; CLOUDS; CUMULUS; DECIDUOUS; OCEAN; ROCKS; SUN; TREE; WAVES
Indian Summer,BUSHES; CONIFER; TREE; TREES
Blue Winter,CLOUDS; CONIFER; CUMULUS; MOUNTAIN; MOUNTAINS; RIVER; SNOW; SNOWY_MOUNTAIN; TREE; TREES; WINTER
Desert Glow,CACTUS; CLOUDS; FRAMED; MOUNTAIN; OVAL_FRAME; PATH
Lone Mountain,CONIFER; GRASS; LAKE; MOUNTAIN; SNOWY_MOUNTAIN; TREE; TREES
Florida'S Glory,BEACH; FLORIDA_FRAME; OCEAN; PALM_TREES; WAVES
Autumn Images,BUSHES; CLOUDS; CUMULUS; DECIDUOUS; FLOWERS; RIVER; TREE; TREES
Hint Of Springtime,BUSHES; CONIFER; MOUNTAIN; MOUNTAINS; RIVER; SNOWY_MOUNTAIN; TREE; TREES; WATERFALL
Around The Bend,CONIFER; FLOWERS; RIVER; ROCKS; TREE; TREES
Countryside Oval,CLOUDS; DECIDUOUS; FRAMED; GRASS; HILLS; OVAL_FRAME; RIVER; TREE; TREES
Russet Winter,BARN; DECIDUOUS; SNOW; STRUCTURE; TREE; WINTER
Purple Haze,BUSHES; DECIDUOUS; GRASS; RIVER; TREE; TREES; WATERFALL
Dimensions,CONIFER; FRAMED; MOUNTAIN; MOUNTAINS; RECTANGLE_3D_FRAME; RIVER; SNOWY_MOUNTAIN; TREE; TREES
Deep Wilderness Home,CABIN; CLIFF; DECIDUOUS; GRASS; RIVER; TREE; TREES; WATERFALL
Haven In The Valley,CABIN; CONIFER; FRAMED; LAKE; MOUNTAIN; MOUNTAINS; OVAL_FRAME; PATH; SNOWY_MOUNTAIN; STRUCTURE; TREE; TREES
Wintertime Blues,CLOUDS; CONIFER; CUMULUS; MOUNTAIN; MOUNTAINS; SNOW; TREE; TREES; WINTER
Pastel Seascape,BEACH; CLOUDS; FRAMED; OCEAN; OVAL_FRAME; SUN; WAVES
Country Creek,CONIFER; RIVER; ROCKS; TREE; TREES
Silent Forest,CONIFER; GRASS; RIVER; TREE; TREES
Frosty Winter Morn,CABIN; CONIFER; DECIDUOUS; FENCE; HILLS; SNOW; TREE; TREES; WINTER
Forest Edge,BUSHES; DECIDUOUS; GRASS; PATH; TREE; TREES
Mountain Ridge Lake,CLOUDS; CONIFER; CUMULUS; GRASS; LAKE; MOUNTAIN; MOUNTAINS; TREE
Reflections Of Gold,CLOUDS; DECIDUOUS; FRAMED; OVAL_FRAME; RIVER; SNOW; SUN; TREE; TREES
Quiet Cove,BUSHES; CONIFER; DECIDUOUS; HILLS; LAKE; ROCKS; TREE; TREES
River'S Peace,DECIDUOUS; GRASS; RIVER; TREE; TREES; WATERFALL
At Dawn'S Light,BUSHES; CONIFER; DECIDUOUS; LAKE; PATH; TREE; TREES
Valley Waterfall,CONIFER; GRASS; MOUNTAIN; RIVER; ROCKS; SNOWY_MOUNTAIN; TREE; WATERFALL
Toward Day'S End,BUSHES; CABIN; DECIDUOUS; FRAMED; GRASS; OVAL_FRAME; RIVER; STRUCTURE; TREE; TREES
Falls In The Glen,CONIFER; DECIDUOUS; GRASS; MOUNTAIN; RIVER; TREE; TREES; WATERFALL
Frozen Beauty In Vignette,CABIN; CONIFER; DECIDUOUS; LAKE; SNOW; STRUCTURE; TREE; TREES; WINTER
Crimson Tide,BEACH; CLIFF; CLOUDS; OCEAN; ROCKS; SUN; WAVES
Winter Bliss,BUSHES; DECIDUOUS; FRAMED; LAKE; MOUNTAIN; MOUNTAINS; OVAL_FRAME; SNOW; SNOWY_MOUNTAIN; TREE; WINTER
Gray Mountain,BUSHES; CONIFER; MOUNTAIN; RIVER; SNOWY_MOUNTAIN; TREE; TREES
Wayside Pond,DECIDUOUS; LAKE; TREE; TREES
Teton Winter,CABIN; DECIDUOUS; MOUNTAIN; SNOW; SNOWY_MOUNTAIN; STRUCTURE; TREE; TREES; WINTER
Little Home In The Meadow,CABIN; CONIFER; DECIDUOUS; FRAMED; GRASS; OVAL_FRAME; STRUCTURE; TREE; TREES
A Pretty Autumn Day,CLOUDS; CONIFER; DECIDUOUS; GRASS; MOUNTAIN; RIVER; ROCKS; SNOWY_MOUNTAIN; TREE; TREES
Mirrored Images,CLOUDS; CONIFER; LAKE; MOUNTAIN; MOUNTAINS; ROCKS; TREE; TREES
Back Country,BUSHES; DECIDUOUS; PATH; TREE; TREES
Graceful Waterfall,CLIFF; DECIDUOUS; RIVER; ROCKS; TREE; TREES; WATERFALL
Icy Lake,CONIFER; DECIDUOUS; FRAMED; GUEST; LAKE; OVAL_FRAME; SNOW; STEVE_ROSS; TREE; TREES; WINTER
Rowboat On The Beach,BEACH; BOAT; CLOUDS; FRAMED; GRASS; HILLS; OCEAN; OVAL_FRAME; SUN; WAVES
Portrait Of Winter,BUSHES; CONIFER; LAKE; MOUNTAIN; MOUNTAINS; SNOW; SNOWY_MOUNTAIN; TREE; TREES; WINTER
The Footbridge,BRIDGE; CONIFER; DECIDUOUS; GRASS; RIVER; ROCKS; STRUCTURE; TREE; TREES
Snowbound Cabin,CABIN; CLOUDS; CONIFER; DECIDUOUS; FENCE; SNOW; TREE; TREES; WINTER
Hide-A-Way Cove,BUSHES; CONIFER; LAKE; MOUNTAIN; SNOWY_MOUNTAIN; TREE; TREES
Enchanted Falls Oval,DECIDUOUS; FRAMED; OVAL_FRAME; RIVER; TREE; TREES; WATERFALL
Not Quite Spring,CONIFER; LAKE; MOUNTAIN; SNOW; SNOWY_MOUNTAIN; TREE; TREES; WINTER
Splashes Of Autumn,DECIDUOUS; LAKE; RIVER; TREE; TREES; WATERFALL
Summer In The Mountain,BUSHES; CLOUDS; CONIFER; GUEST; LAKE; MOUNTAIN; MOUNTAINS; SNOWY_MOUNTAIN; STEVE_ROSS; TREE; TREES
Oriental Falls,BUSHES; CONIFER; FOG; ROCKS; TREE; TREES; WATERFALL
Autumn Palette,DECIDUOUS; FENCE; LAKE; TREE; TREES
Cypress Swamp,DECIDUOUS; LAKE; TREE
Downstream View,CLOUDS; CONIFER; CUMULUS; DECIDUOUS; GRASS; RIVER; ROCKS; TREE; TREES
Just Before The Storm,CLOUDS; FRAMED; OCEAN; OVAL_FRAME; PALM_TREES; WAVES
Fisherman'S Paradise,CABIN; CONIFER; LAKE; STRUCTURE; SUN; TREE; TREES
Desert Hues,CACTUS; CIRRUS; CLOUDS; MOUNTAIN; PATH
The Property Line,BUSHES; DECIDUOUS; FENCE; SNOW; TREE; WINTER
In The Stillness Of Morning,BUSHES; CONIFER; FOG; GRASS; RIVER; TREE; TREES
Delightful Meadow Home,CABIN; DECIDUOUS; FENCE; GRASS; PATH; STRUCTURE; TREE; TREES
First Snow,CLOUDS; CONIFER; GRASS; MOUNTAIN; SNOW; SNOWY_MOUNTAIN; TREE; TREES; WINTER
Lake In The Valley,BUSHES; DECIDUOUS; GRASS; LAKE; MOUNTAIN; PATH; SNOWY_MOUNTAIN; SUN; TREE; TREES
Trace Of Spring,BUSHES; CONIFER; DECIDUOUS; FLOWERS; GRASS; RIVER; TREE; TREES
Arctic Winter Day,CABIN; CLOUDS; CONIFER; LAKE; MOUNTAIN; MOUNTAINS; SNOW; SNOWY_MOUNTAIN; STRUCTURE; TREE; TREES; WINTER
Snow Birch,DECIDUOUS; LAKE; SNOW; TREE; TREES; WINTER
Early Autumn,CONIFER; DECIDUOUS; FRAMED; GRASS; LAKE; MOUNTAIN; OVAL_FRAME; TREE; TREES
Tranquil Wooded Stream,DECIDUOUS; RIVER; ROCKS; TREE; TREES
Purple Mountain Range,
Storm'S A Comin',BEACH; CLOUDS; CUMULUS; HILLS; OCEAN; ROCKS; WAVES
Sunset Aglow,CLOUDS; CONIFER; LAKE; MOUNTAIN; TREE; TREES
Evening At The Falls,CONIFER; NIGHT; RIVER; TREE; TREES; WATERFALL
Twilight Beauty,CONIFER; DECIDUOUS; FOG; FRAMED; LAKE; OVAL_FRAME; SUN; TREE; TREES
Angler'S Haven,CONIFER; LAKE; MOUNTAIN; MOUNTAINS; ROCKS; SNOWY_MOUNTAIN; TREE; TREES
Rustic Winter Woods,DECIDUOUS; SNOW; SUN; TREE; TREES; WINTER
Wilderness Falls,BUSHES; CLOUDS; CONIFER; GRASS; MOUNTAIN; MOUNTAINS; RIVER; ROCKS; TREE; TREES; WATERFALL
Winter At The Farm,CONIFER; FARM; FENCE; SNOW; STRUCTURE; TREE; TREES; WINTER
Daisies At Dawn,CABIN; CONIFER; DECIDUOUS; FLOWERS; FRAMED; LAKE; OVAL_FRAME; STRUCTURE; TREE; TREES
Spectacular View,CABIN; CLOUDS; CONIFER; CUMULUS; MOUNTAIN; MOUNTAINS; PATH; STRUCTURE; TREE; TREES
Daybreak,CABIN; CONIFER; DECIDUOUS; FENCE; FOG; SNOW; STRUCTURE; TREE; TREES; WINTER
Island Paradise,BEACH; CLOUDS; FRAMED; HILLS; OCEAN; OVAL_FRAME; PALM_TREES; ROCKS; WAVES
Sunlight In The Shadows,BUSHES; DECIDUOUS; GRASS; GUEST; RIVER; SUN; TREE; TREES
Splendor Of A Snowy White,CABIN; CONIFER; DECIDUOUS; MOUNTAIN; SNOW; SNOWY_MOUNTAIN; STRUCTURE; TREE; TREES; WINTER
Forest River,DECIDUOUS; GRASS; RIVER; SUN; TREE; TREES
Golden Glow Of Morning,CONIFER; FOG; LAKE; ROCKS; SUN; TREE; TREES
Fisherman'S Trail,BUSHES; CONIFER; LAKE; MOUNTAIN; MOUNTAINS; PATH; SNOWY_MOUNTAIN; TREE; TREES
To A Warm Winter,BARN; CONIFER; DECIDUOUS; HILLS; SNOW; STRUCTURE; SUN; TREE; TREES; WINTER
Under Pastel Skies,CLOUDS; CONIFER; MOUNTAIN; SNOWY_MOUNTAIN; TREE; TREES
Golden Rays Of Sunlight,BUSHES; DECIDUOUS; SUN; TREE; TREES
Magic Of Fall,DECIDUOUS; FENCE; GRASS; TREE
Glacier Lake,CONIFER; GRASS; LAKE; MOUNTAIN; ROCKS; SNOWY_MOUNTAIN; TREE; TREES
The Old Weathered Barn,BARN; DECIDUOUS; GRASS; PATH; TREE; TREES
Deep Forest Falls,BUSHES; DECIDUOUS; RIVER; TREE; TREES; WATERFALL
Winter'S Grace,CONIFER; FOG; MOUNTAIN; MOUNTAINS; SNOW; TREE; TREES; WINTER
Splendor Of Autumn,DECIDUOUS; FOG; GRASS; LAKE; SUN; TREE; TREES
Tranquil Seas,BEACH; CLOUDS; CUMULUS; OCEAN; SUN; WAVES
Mountain Serenity,BUSHES; CONIFER; GRASS; LAKE; MOUNTAIN; SNOWY_MOUNTAIN; TREE; TREES
Home Before Nightfall,CABIN; CLOUDS; DECIDUOUS; GRASS; NIGHT; STRUCTURE; TREE; TREES
Island In The Wilderness,BUSHES; CONIFER; LAKE; TREE; TREES
Autumn Oval,BUSHES; CONIFER; FRAMED; LAKE; MOUNTAINS; OVAL_FRAME; TREE; TREES
Seasonal Progression,BUSHES; CONIFER; FRAMED; GRASS; LAKE; MOUNTAIN; MOUNTAINS; SNOW; SNOWY_MOUNTAIN; SPLIT_FRAME; TREE; TREES; WINTER
Light At The Summit,DECIDUOUS; GRASS; MOUNTAIN; MOUNTAINS; PATH; SUN; TREE; TREES
Countryside Barn,BARN; DECIDUOUS; GRASS; PATH; STRUCTURE; TREE
Mountain Lake Falls,CLOUDS; CONIFER; CUMULUS; LAKE; MOUNTAIN; MOUNTAINS; RIVER; SNOWY_MOUNTAIN; TREE; TREES; WATERFALL
Cypress Creek,DECIDUOUS; GRASS; RIVER; TREE; TREES
Trapper'S Cabin,BUSHES; CABIN; CONIFER; DECIDUOUS; LAKE; MOUNTAIN; MOUNTAINS; STRUCTURE; TREE; TREES
Storm On The Horizon,BEACH; CLOUDS; GRASS; OCEAN; PALM_TREES; ROCKS; WAVES
Pot 'O Posies,FLOWERS; GUEST
Perfect Winter'S Day,BUSHES; CABIN; CLOUDS; CONIFER; MOUNTAIN; SNOW; SNOWY_MOUNTAIN; STRUCTURE; TREE; TREES; WINTER
Aurora'S Dance,AURORA_BOREALIS; CABIN; CONIFER; LAKE; NIGHT; SNOW; TREE; TREES; WINTER
The Woodman'S Retreat,BUSHES; CONIFER; LAKE; MOUNTAIN; MOUNTAINS; SNOWY_MOUNTAIN; TREE; TREES
Babbling Brook,BUSHES; DECIDUOUS; GRASS; RIVER; TREE; WATERFALL
Woodgrain View,DECIDUOUS; FRAMED; GRASS; LAKE; MOUNTAIN; SNOWY_MOUNTAIN; TREE; WOOD_FRAMED
Winter'S Peace,CABIN; CLOUDS; CONIFER; LAKE; STRUCTURE; TREE; TREES
Wilderness Trail,BUSHES; DECIDUOUS; PATH; TREE; TREES
Copper Winter,CONIFER; DECIDUOUS; LAKE; TREE; TREES
Misty Foothills,CLOUDS; CONIFER; CUMULUS; HILLS; LAKE; MOUNTAIN; TREE; TREES
Through The Window,CONIFER; DECIDUOUS; FRAMED; SNOW; TREE; TREES; WINDOW_FRAME; WINTER
Home In The Valley,CABIN; CLOUDS; CONIFER; CUMULUS; GRASS; LAKE; STRUCTURE; TREE; TREES
Mountains Of Grace,CIRRUS; CLOUDS; CONIFER; DECIDUOUS; GUEST; MOUNTAIN; MOUNTAINS; RIVER; SNOWY_MOUNTAIN; STEVE_ROSS; TREE; TREES
Seaside Harmony,BEACH; CLOUDS; OCEAN; ROCKS; WAVES
Cold Spring Day,BUSHES; CONIFER; LAKE; MOUNTAIN; MOUNTAINS; SNOWY_MOUNTAIN; TREE; TREES
Evening'S Glow,CABIN; CONIFER; DECIDUOUS; GRASS; PATH; SUN; TREE; TREES
Blue Ridge Falls,BUSHES; CONIFER; MOUNTAIN; RIVER; ROCKS; TREE; TREES; WATERFALL
Reflections Of Calm,CONIFER; LAKE; MOUNTAIN; MOUNTAINS; TREE; TREES
Before The Snowfall,BUSHES; CABIN; CLOUDS; CONIFER; RIVER; STRUCTURE; TREE; TREES
Winding Stream,CLOUDS; CONIFER; GRASS; RIVER; ROCKS; TREE; TREES
Tranquility Cove,DECIDUOUS; GRASS; LAKE; ROCKS; TREE; TREES
Cabin In The Hollow,CABIN; CONIFER; FRAMED; OVAL_FRAME; RIVER; SNOW; TREE; TREES; WINTER
View From Clear Creek,BUSHES; CONIFER; GRASS; MOUNTAIN; MOUNTAINS; RIVER; TREE; TREES
Bridge To Autumn,BRIDGE; DECIDUOUS; LAKE; PATH; STRUCTURE; TREE; TREES
Trail'S End,CLOUDS; DECIDUOUS; PATH; TREE; TREES
Evergreen Valley,CONIFER; GRASS; MOUNTAIN; MOUNTAINS; ROCKS; SNOWY_MOUNTAIN; TREE; TREES
Balmy Beach,BEACH; FRAMED; OCEAN; PALM_TREES; ROCKS; SEASHELL_FRAME; WAVES
Lake At The Ridge,CLOUDS; CONIFER; DECIDUOUS; GRASS; GUEST; LAKE; MOUNTAIN; MOUNTAINS; SNOWY_MOUNTAIN; STEVE_ROSS; TREE; TREES
In The Midst Of Winter,BARN; CONIFER; DECIDUOUS; FOG; PATH; SNOW; STRUCTURE; TREE; TREES; WINTER
Wilderness Day,DECIDUOUS; GRASS; MOUNTAIN; TREE; TREES
